[
  {
    "line": 1,
    "elements": [
      {
        "line": 12,
        "name": "InsuranceWeb: Home Login Test Scenario",
        "description": "",
        "id": "login-feature;insuranceweb:-home-login-test-scenario;;2",
        "type": "scenario",
        "keyword": "Scenario Outline",
        "steps": [
          {
            "result": {
              "duration": 10070798477,
              "status": "passed"
            },
            "line": 4,
            "name": "user is available on Login Page",
            "match": {
              "location": "login.user_is_available_on_Login_Page()"
            },
            "keyword": "Given "
          },
          {
            "result": {
              "duration": 12086181,
              "status": "passed"
            },
            "line": 5,
            "name": "title of login page is InsuranceWeb: Home",
            "match": {
              "location": "login.title_of_login_page_is_InsuranceWeb_Home()"
            },
            "keyword": "When "
          },
          {
            "result": {
              "duration": 276893748,
              "status": "passed"
            },
            "line": 6,
            "name": "user enters \"kashi@gmail.com\" and \"johna\"",
            "match": {
              "arguments": [
                {
                  "val": "kashi@gmail.com",
                  "offset": 13
                },
                {
                  "val": "johna",
                  "offset": 35
                }
              ],
              "location": "login.user_enters_and(String,String)"
            },
            "keyword": "Then "
          },
          {
            "result": {
              "duration": 2454018793,
              "status": "passed"
            },
            "line": 7,
            "name": "user clicks on login button",
            "match": {
              "location": "login.user_clicks_on_login_button()"
            },
            "keyword": "Then "
          },
          {
            "result": {
              "duration": 3609347153,
              "status": "passed"
            },
            "line": 8,
            "name": "user selects from option available",
            "match": {
              "location": "login.user_selects_from_option_available()"
            },
            "keyword": "Then "
          }
        ]
      }
    ],
    "name": "Login Feature",
    "description": "",
    "id": "login-feature",
    "keyword": "Feature",
    "uri": "G:/PROJECTwildfly/featureDemo/featureDemo/src/main/java/feature/login.feature",
    "tags": []
  }
]